candidate_id,rank,score,reasoning
CAND_0018499,1,31.434345,"Strong alignment with AI/search infrastructure role. Relevant skills include {'name': 'Deep Learning', 'proficiency': 'expert', 'endorsements': 46, 'duration_months': 53}, {'name': 'Weaviate', 'proficiency': 'expert', 'endorsements': 6, 'duration_months': 88}, {'name': 'Recommendation Systems', 'proficiency': 'expert', 'endorsements': 52, 'duration_months': 46}, {'name': 'scikit-learn', 'proficiency': 'expert', 'endorsements': 58, 'duration_months': 93}, {'name': 'Diffusion Models', 'proficiency': 'advanced', 'endorsements': 49, 'duration_months': 60}. Profile shows evidence of production engineering experience and achieved composite score 31.434."
CAND_0092278,2,30.554321,"Strong alignment with AI/search infrastructure role. Relevant skills include {'name': 'TensorFlow', 'proficiency': 'advanced', 'endorsements': 60, 'duration_months': 27}, {'name': 'Machine Learning', 'proficiency': 'expert', 'endorsements': 11, 'duration_months': 61}, {'name': 'Hugging Face Transformers', 'proficiency': 'expert', 'endorsements': 6, 'duration_months': 80}, {'name': 'gRPC', 'proficiency': 'beginner', 'endorsements': 8, 'duration_months': 10}, {'name': 'QLoRA', 'proficiency': 'expert', 'endorsements': 58, 'duration_months': 79}. Profile shows evidence of production engineering experience and achieved composite score 30.554."
CAND_0088025,3,29.829536,"Strong alignment with AI/search infrastructure role. Relevant skills include {'name': 'Pinecone', 'proficiency': 'advanced', 'endorsements': 25, 'duration_months': 49}, {'name': 'QLoRA', 'proficiency': 'expert', 'endorsements': 8, 'duration_months': 83}, {'name': 'LLMs', 'proficiency': 'expert', 'endorsements': 48, 'duration_months': 71}, {'name': 'Hugging Face Transformers', 'proficiency': 'expert', 'endorsements': 6, 'duration_months': 55}, {'name': 'RAG', 'proficiency': 'expert', 'endorsements': 56, 'duration_months': 41}. Profile shows evidence of production engineering experience and achieved composite score 29.830."
CAND_0007411,4,29.752361,"Strong alignment with AI/search infrastructure role. Relevant skills include {'name': 'OpenSearch', 'proficiency': 'expert', 'endorsements': 43, 'duration_months': 86}, {'name': 'Prompt Engineering', 'proficiency': 'expert', 'endorsements': 53, 'duration_months': 50}, {'name': 'Fine-tuning LLMs', 'proficiency': 'advanced', 'endorsements': 43, 'duration_months': 40}, {'name': 'Vector Search', 'proficiency': 'advanced', 'endorsements': 55, 'duration_months': 41}, {'name': 'Data Science', 'proficiency': 'intermediate', 'endorsements': 8, 'duration_months': 18}. Profile shows evidence of production engineering experience and achieved composite score 29.752."
CAND_0046064,5,28.381401,"Strong alignment with AI/search infrastructure role. Relevant skills include {'name': 'Python', 'proficiency': 'expert', 'endorsements': 41, 'duration_months': 40}, {'name': 'Image Classification', 'proficiency': 'advanced', 'endorsements': 48, 'duration_months': 21}, {'name': 'OpenCV', 'proficiency': 'advanced', 'endorsements': 27, 'duration_months': 34}, {'name': 'Pinecone', 'proficiency': 'expert', 'endorsements': 58, 'duration_months': 85}, {'name': 'Haystack', 'proficiency': 'expert', 'endorsements': 18, 'duration_months': 75}. Profile shows evidence of production engineering experience and achieved composite score 28.381."
CAND_0041611,6,27.949455,"Strong alignment with AI/search infrastructure role. Relevant skills include {'name': 'LlamaIndex', 'proficiency': 'advanced', 'endorsements': 21, 'duration_months': 25}, {'name': 'Prompt Engineering', 'proficiency': 'expert', 'endorsements': 27, 'duration_months': 86}, {'name': 'PyTorch', 'proficiency': 'expert', 'endorsements': 41, 'duration_months': 48}, {'name': 'Qdrant', 'proficiency': 'expert', 'endorsements': 35, 'duration_months': 70}, {'name': 'NLP', 'proficiency': 'expert', 'endorsements': 6, 'duration_months': 82}. Profile shows evidence of production engineering experience and achieved composite score 27.949."
CAND_0084819,7,27.367998,"Strong alignment with AI/search infrastructure role. Relevant skills include {'name': 'Semantic Search', 'proficiency': 'advanced', 'endorsements': 56, 'duration_months': 21}, {'name': 'BM25', 'proficiency': 'expert', 'endorsements': 54, 'duration_months': 64}, {'name': 'MLOps', 'proficiency': 'intermediate', 'endorsements': 15, 'duration_months': 20}, {'name': 'OpenSearch', 'proficiency': 'expert', 'endorsements': 53, 'duration_months': 78}, {'name': 'Recommendation Systems', 'proficiency': 'expert', 'endorsements': 47, 'duration_months': 40}. Profile shows evidence of production engineering experience and achieved composite score 27.368."
CAND_0008425,8,27.094873,"Strong alignment with AI/search infrastructure role. Relevant skills include {'name': 'Learning to Rank', 'proficiency': 'expert', 'endorsements': 19, 'duration_months': 87}, {'name': 'Qdrant', 'proficiency': 'expert', 'endorsements': 4, 'duration_months': 92}, {'name': 'Weights & Biases', 'proficiency': 'advanced', 'endorsements': 6, 'duration_months': 19}, {'name': 'pgvector', 'proficiency': 'expert', 'endorsements': 47, 'duration_months': 58}, {'name': 'Sentence Transformers', 'proficiency': 'expert', 'endorsements': 56, 'duration_months': 96}. Profile shows evidence of production engineering experience and achieved composite score 27.095."
CAND_0061339,9,26.443075,"Strong alignment with AI/search infrastructure role. Relevant skills include {'name': 'Information Retrieval', 'proficiency': 'expert', 'endorsements': 26, 'duration_months': 95}, {'name': 'YOLO', 'proficiency': 'advanced', 'endorsements': 0, 'duration_months': 48}, {'name': 'Data Pipelines', 'proficiency': 'beginner', 'endorsements': 12, 'duration_months': 5}, {'name': 'Milvus', 'proficiency': 'expert', 'endorsements': 2, 'duration_months': 70}, {'name': 'BentoML', 'proficiency': 'advanced', 'endorsements': 18, 'duration_months': 21}. Profile shows evidence of production engineering experience and achieved composite score 26.443."
CAND_0068351,10,26.13867,"Strong alignment with AI/search infrastructure role. Relevant skills include {'name': 'pgvector', 'proficiency': 'expert', 'endorsements': 18, 'duration_months': 77}, {'name': 'Deep Learning', 'proficiency': 'expert', 'endorsements': 50, 'duration_months': 44}, {'name': 'Qdrant', 'proficiency': 'expert', 'endorsements': 47, 'duration_months': 78}, {'name': 'Elasticsearch', 'proficiency': 'expert', 'endorsements': 39, 'duration_months': 44}, {'name': 'Feature Engineering', 'proficiency': 'advanced', 'endorsements': 25, 'duration_months': 43}. Profile shows evidence of production engineering experience and achieved composite score 26.139."
CAND_0046525,11,25.809078,"Strong alignment with AI/search infrastructure role. Relevant skills include {'name': 'Elasticsearch', 'proficiency': 'advanced', 'endorsements': 24, 'duration_months': 31}, {'name': 'Redux', 'proficiency': 'beginner', 'endorsements': 6, 'duration_months': 11}, {'name': 'LangChain', 'proficiency': 'advanced', 'endorsements': 12, 'duration_months': 27}, {'name': 'Machine Learning', 'proficiency': 'expert', 'endorsements': 13, 'duration_months': 70}, {'name': 'LlamaIndex', 'proficiency': 'expert', 'endorsements': 10, 'duration_months': 66}. Profile shows evidence of production engineering experience and achieved composite score 25.809."
CAND_0093547,12,25.559591,"Strong alignment with AI/search infrastructure role. Relevant skills include {'name': 'LLMs', 'proficiency': 'expert', 'endorsements': 24, 'duration_months': 42}, {'name': 'RAG', 'proficiency': 'expert', 'endorsements': 48, 'duration_months': 94}, {'name': 'Python', 'proficiency': 'advanced', 'endorsements': 9, 'duration_months': 59}, {'name': 'QLoRA', 'proficiency': 'advanced', 'endorsements': 21, 'duration_months': 49}, {'name': 'Kubeflow', 'proficiency': 'advanced', 'endorsements': 24, 'duration_months': 25}. Profile shows evidence of production engineering experience and achieved composite score 25.560."
CAND_0078492,13,25.19293,"Strong alignment with AI/search infrastructure role. Relevant skills include {'name': 'Machine Learning', 'proficiency': 'expert', 'endorsements': 19, 'duration_months': 43}, {'name': 'Haystack', 'proficiency': 'expert', 'endorsements': 33, 'duration_months': 79}, {'name': 'FAISS', 'proficiency': 'expert', 'endorsements': 55, 'duration_months': 66}, {'name': 'Kubeflow', 'proficiency': 'intermediate', 'endorsements': 14, 'duration_months': 18}, {'name': 'Recommendation Systems', 'proficiency': 'advanced', 'endorsements': 28, 'duration_months': 40}. Profile shows evidence of production engineering experience and achieved composite score 25.193."
CAND_0037980,14,25.110361,"Strong alignment with AI/search infrastructure role. Relevant skills include {'name': 'LoRA', 'proficiency': 'expert', 'endorsements': 59, 'duration_months': 75}, {'name': 'Search Infrastructure', 'proficiency': 'expert', 'endorsements': 40, 'duration_months': 48}, {'name': 'PyTorch', 'proficiency': 'expert', 'endorsements': 25, 'duration_months': 63}, {'name': 'NLP', 'proficiency': 'expert', 'endorsements': 44, 'duration_months': 54}, {'name': 'Indexing Algorithms', 'proficiency': 'expert', 'endorsements': 27, 'duration_months': 58}. Profile shows evidence of production engineering experience and achieved composite score 25.110."
CAND_0036184,15,25.00462,"Strong alignment with AI/search infrastructure role. Relevant skills include {'name': 'Image Classification', 'proficiency': 'intermediate', 'endorsements': 4, 'duration_months': 25}, {'name': 'QLoRA', 'proficiency': 'expert', 'endorsements': 19, 'duration_months': 36}, {'name': 'FAISS', 'proficiency': 'expert', 'endorsements': 6, 'duration_months': 51}, {'name': 'GANs', 'proficiency': 'advanced', 'endorsements': 37, 'duration_months': 22}, {'name': 'MLOps', 'proficiency': 'intermediate', 'endorsements': 3, 'duration_months': 25}. Profile shows evidence of production engineering experience and achieved composite score 25.005."
CAND_0007460,16,24.584854,"Strong alignment with AI/search infrastructure role. Relevant skills include {'name': 'LangChain', 'proficiency': 'expert', 'endorsements': 58, 'duration_months': 44}, {'name': 'PEFT', 'proficiency': 'expert', 'endorsements': 11, 'duration_months': 42}, {'name': 'Embeddings', 'proficiency': 'advanced', 'endorsements': 55, 'duration_months': 24}, {'name': 'Haystack', 'proficiency': 'expert', 'endorsements': 43, 'duration_months': 64}, {'name': 'PostgreSQL', 'proficiency': 'intermediate', 'endorsements': 13, 'duration_months': 19}. Profile shows evidence of production engineering experience and achieved composite score 24.585."
CAND_0071974,17,24.32077,"Strong alignment with AI/search infrastructure role. Relevant skills include {'name': 'LoRA', 'proficiency': 'advanced', 'endorsements': 42, 'duration_months': 41}, {'name': 'Learning to Rank', 'proficiency': 'advanced', 'endorsements': 5, 'duration_months': 45}, {'name': 'Weaviate', 'proficiency': 'expert', 'endorsements': 5, 'duration_months': 61}, {'name': 'PEFT', 'proficiency': 'advanced', 'endorsements': 55, 'duration_months': 43}, {'name': 'BM25', 'proficiency': 'expert', 'endorsements': 40, 'duration_months': 58}. Profile shows evidence of production engineering experience and achieved composite score 24.321."
CAND_0060072,18,24.228443,"Strong alignment with AI/search infrastructure role. Relevant skills include {'name': 'Deep Learning', 'proficiency': 'advanced', 'endorsements': 34, 'duration_months': 49}, {'name': 'Sentence Transformers', 'proficiency': 'expert', 'endorsements': 34, 'duration_months': 60}, {'name': 'PyTorch', 'proficiency': 'advanced', 'endorsements': 1, 'duration_months': 51}, {'name': 'Feature Engineering', 'proficiency': 'intermediate', 'endorsements': 5, 'duration_months': 36}, {'name': 'Milvus', 'proficiency': 'advanced', 'endorsements': 8, 'duration_months': 26}. Profile shows evidence of production engineering experience and achieved composite score 24.228."
CAND_0096142,19,24.032398,"Strong alignment with AI/search infrastructure role. Relevant skills include {'name': 'Kubeflow', 'proficiency': 'intermediate', 'endorsements': 9, 'duration_months': 23}, {'name': 'LoRA', 'proficiency': 'advanced', 'endorsements': 3, 'duration_months': 55}, {'name': 'Weaviate', 'proficiency': 'advanced', 'endorsements': 38, 'duration_months': 58}, {'name': 'Pinecone', 'proficiency': 'expert', 'endorsements': 18, 'duration_months': 62}, {'name': 'Python', 'proficiency': 'expert', 'endorsements': 29, 'duration_months': 72}. Profile shows evidence of production engineering experience and achieved composite score 24.032."
CAND_0070485,20,23.894344,"Strong alignment with AI/search infrastructure role. Relevant skills include {'name': 'Kubernetes', 'proficiency': 'beginner', 'endorsements': 2, 'duration_months': 10}, {'name': 'Haystack', 'proficiency': 'advanced', 'endorsements': 40, 'duration_months': 39}, {'name': 'PEFT', 'proficiency': 'advanced', 'endorsements': 36, 'duration_months': 23}, {'name': 'FAISS', 'proficiency': 'expert', 'endorsements': 5, 'duration_months': 73}, {'name': 'GCP', 'proficiency': 'beginner', 'endorsements': 12, 'duration_months': 3}. Profile shows evidence of production engineering experience and achieved composite score 23.894."
CAND_0093331,21,23.586193,"Strong alignment with AI/search infrastructure role. Relevant skills include {'name': 'PyTorch', 'proficiency': 'expert', 'endorsements': 43, 'duration_months': 58}, {'name': 'Prompt Engineering', 'proficiency': 'expert', 'endorsements': 20, 'duration_months': 47}, {'name': 'Accounting', 'proficiency': 'intermediate', 'endorsements': 11, 'duration_months': 10}, {'name': 'QLoRA', 'proficiency': 'advanced', 'endorsements': 46, 'duration_months': 35}, {'name': 'Embeddings', 'proficiency': 'advanced', 'endorsements': 10, 'duration_months': 58}. Profile shows evidence of production engineering experience and achieved composite score 23.586."
CAND_0005260,22,23.248728,"Strong alignment with AI/search infrastructure role. Relevant skills include {'name': 'Statistical Modeling', 'proficiency': 'intermediate', 'endorsements': 13, 'duration_months': 36}, {'name': 'MLOps', 'proficiency': 'intermediate', 'endorsements': 5, 'duration_months': 17}, {'name': 'Snowflake', 'proficiency': 'beginner', 'endorsements': 6, 'duration_months': 16}, {'name': 'Prompt Engineering', 'proficiency': 'advanced', 'endorsements': 11, 'duration_months': 56}, {'name': 'Information Retrieval', 'proficiency': 'advanced', 'endorsements': 15, 'duration_months': 45}. Profile shows evidence of production engineering experience and achieved composite score 23.249."
CAND_0051615,23,23.129362,"Strong alignment with AI/search infrastructure role. Relevant skills include {'name': 'RAG', 'proficiency': 'expert', 'endorsements': 20, 'duration_months': 84}, {'name': 'HTML', 'proficiency': 'intermediate', 'endorsements': 4, 'duration_months': 8}, {'name': 'Data Science', 'proficiency': 'intermediate', 'endorsements': 8, 'duration_months': 26}, {'name': 'Milvus', 'proficiency': 'advanced', 'endorsements': 40, 'duration_months': 48}, {'name': 'TTS', 'proficiency': 'advanced', 'endorsements': 23, 'duration_months': 44}. Profile shows evidence of production engineering experience and achieved composite score 23.129."
CAND_0019480,24,22.932865,"Strong alignment with AI/search infrastructure role. Relevant skills include {'name': 'Terraform', 'proficiency': 'beginner', 'endorsements': 2, 'duration_months': 14}, {'name': 'LLMs', 'proficiency': 'expert', 'endorsements': 32, 'duration_months': 82}, {'name': 'Forecasting', 'proficiency': 'intermediate', 'endorsements': 8, 'duration_months': 20}, {'name': 'TensorFlow', 'proficiency': 'expert', 'endorsements': 47, 'duration_months': 55}, {'name': 'TTS', 'proficiency': 'intermediate', 'endorsements': 7, 'duration_months': 12}. Profile shows evidence of production engineering experience and achieved composite score 22.933."
CAND_0083879,25,22.708504,"Strong alignment with AI/search infrastructure role. Relevant skills include {'name': 'MLOps', 'proficiency': 'intermediate', 'endorsements': 3, 'duration_months': 13}, {'name': 'Fine-tuning LLMs', 'proficiency': 'expert', 'endorsements': 41, 'duration_months': 90}, {'name': 'Milvus', 'proficiency': 'advanced', 'endorsements': 32, 'duration_months': 47}, {'name': 'Image Classification', 'proficiency': 'intermediate', 'endorsements': 14, 'duration_months': 25}, {'name': 'Data Science', 'proficiency': 'advanced', 'endorsements': 11, 'duration_months': 49}. Profile shows evidence of production engineering experience and achieved composite score 22.709."
CAND_0071115,26,22.70642,"Strong alignment with AI/search infrastructure role. Relevant skills include {'name': 'Kubeflow', 'proficiency': 'intermediate', 'endorsements': 5, 'duration_months': 21}, {'name': 'Weaviate', 'proficiency': 'expert', 'endorsements': 2, 'duration_months': 96}, {'name': 'BM25', 'proficiency': 'expert', 'endorsements': 53, 'duration_months': 92}, {'name': 'Forecasting', 'proficiency': 'intermediate', 'endorsements': 8, 'duration_months': 10}, {'name': 'Image Classification', 'proficiency': 'intermediate', 'endorsements': 7, 'duration_months': 18}. Profile shows evidence of production engineering experience and achieved composite score 22.706."
CAND_0080766,27,22.477804,"Strong alignment with AI/search infrastructure role. Relevant skills include {'name': 'Search Backend', 'proficiency': 'expert', 'endorsements': 23, 'duration_months': 55}, {'name': 'LoRA', 'proficiency': 'expert', 'endorsements': 5, 'duration_months': 71}, {'name': 'Vue.js', 'proficiency': 'intermediate', 'endorsements': 7, 'duration_months': 25}, {'name': 'Tally', 'proficiency': 'intermediate', 'endorsements': 12, 'duration_months': 18}, {'name': 'Search & Discovery', 'proficiency': 'expert', 'endorsements': 25, 'duration_months': 74}. Profile shows evidence of production engineering experience and achieved composite score 22.478."
CAND_0032807,28,22.416862,"Strong alignment with AI/search infrastructure role. Relevant skills include {'name': 'OpenSearch', 'proficiency': 'expert', 'endorsements': 31, 'duration_months': 43}, {'name': 'OpenCV', 'proficiency': 'advanced', 'endorsements': 43, 'duration_months': 46}, {'name': 'scikit-learn', 'proficiency': 'advanced', 'endorsements': 6, 'duration_months': 27}, {'name': 'Python', 'proficiency': 'advanced', 'endorsements': 28, 'duration_months': 30}, {'name': 'LLMs', 'proficiency': 'advanced', 'endorsements': 36, 'duration_months': 23}. Profile shows evidence of production engineering experience and achieved composite score 22.417."
CAND_0053591,29,22.407314,"Strong alignment with AI/search infrastructure role. Relevant skills include {'name': 'LangChain', 'proficiency': 'advanced', 'endorsements': 34, 'duration_months': 48}, {'name': 'Reinforcement Learning', 'proficiency': 'advanced', 'endorsements': 28, 'duration_months': 20}, {'name': 'Embeddings', 'proficiency': 'advanced', 'endorsements': 50, 'duration_months': 21}, {'name': 'Milvus', 'proficiency': 'advanced', 'endorsements': 15, 'duration_months': 51}, {'name': 'OpenSearch', 'proficiency': 'expert', 'endorsements': 28, 'duration_months': 58}. Profile shows evidence of production engineering experience and achieved composite score 22.407."
CAND_0086151,30,22.38682,"Strong alignment with AI/search infrastructure role. Relevant skills include {'name': 'Figma', 'proficiency': 'intermediate', 'endorsements': 3, 'duration_months': 26}, {'name': 'LangChain', 'proficiency': 'expert', 'endorsements': 54, 'duration_months': 43}, {'name': 'BentoML', 'proficiency': 'intermediate', 'endorsements': 8, 'duration_months': 8}, {'name': 'Data Science', 'proficiency': 'intermediate', 'endorsements': 13, 'duration_months': 28}, {'name': 'Snowflake', 'proficiency': 'beginner', 'endorsements': 8, 'duration_months': 15}. Profile shows evidence of production engineering experience and achieved composite score 22.387."
CAND_0052682,31,22.362747,"Strong alignment with AI/search infrastructure role. Relevant skills include {'name': 'Statistical Modeling', 'proficiency': 'intermediate', 'endorsements': 1, 'duration_months': 17}, {'name': 'QLoRA', 'proficiency': 'expert', 'endorsements': 59, 'duration_months': 76}, {'name': 'Semantic Search', 'proficiency': 'expert', 'endorsements': 38, 'duration_months': 89}, {'name': 'FAISS', 'proficiency': 'expert', 'endorsements': 2, 'duration_months': 76}, {'name': 'PyTorch', 'proficiency': 'expert', 'endorsements': 20, 'duration_months': 43}. Profile shows evidence of production engineering experience and achieved composite score 22.363."
CAND_0061655,32,22.315521,"Strong alignment with AI/search infrastructure role. Relevant skills include {'name': 'Haystack', 'proficiency': 'advanced', 'endorsements': 54, 'duration_months': 25}, {'name': 'PEFT', 'proficiency': 'expert', 'endorsements': 15, 'duration_months': 84}, {'name': 'Pinecone', 'proficiency': 'expert', 'endorsements': 46, 'duration_months': 65}, {'name': 'Time Series', 'proficiency': 'advanced', 'endorsements': 35, 'duration_months': 33}, {'name': 'Machine Learning', 'proficiency': 'expert', 'endorsements': 41, 'duration_months': 78}. Profile shows evidence of production engineering experience and achieved composite score 22.316."
CAND_0094759,33,22.103914,"Strong alignment with AI/search infrastructure role. Relevant skills include {'name': 'Prompt Engineering', 'proficiency': 'expert', 'endorsements': 33, 'duration_months': 95}, {'name': 'scikit-learn', 'proficiency': 'advanced', 'endorsements': 39, 'duration_months': 50}, {'name': 'Hugging Face Transformers', 'proficiency': 'expert', 'endorsements': 13, 'duration_months': 72}, {'name': 'Learning to Rank', 'proficiency': 'advanced', 'endorsements': 4, 'duration_months': 34}, {'name': 'Semantic Search', 'proficiency': 'expert', 'endorsements': 23, 'duration_months': 52}. Profile shows evidence of production engineering experience and achieved composite score 22.104."
CAND_0013613,34,22.086187,"Strong alignment with AI/search infrastructure role. Relevant skills include {'name': 'Speech Recognition', 'proficiency': 'intermediate', 'endorsements': 3, 'duration_months': 25}, {'name': 'LoRA', 'proficiency': 'expert', 'endorsements': 6, 'duration_months': 43}, {'name': 'Computer Vision', 'proficiency': 'advanced', 'endorsements': 28, 'duration_months': 56}, {'name': 'TensorFlow', 'proficiency': 'expert', 'endorsements': 60, 'duration_months': 92}, {'name': 'Object Detection', 'proficiency': 'intermediate', 'endorsements': 13, 'duration_months': 24}. Profile shows evidence of production engineering experience and achieved composite score 22.086."
CAND_0049538,35,22.06505,"Strong alignment with AI/search infrastructure role. Relevant skills include {'name': 'LlamaIndex', 'proficiency': 'expert', 'endorsements': 26, 'duration_months': 41}, {'name': 'Feature Engineering', 'proficiency': 'advanced', 'endorsements': 6, 'duration_months': 45}, {'name': 'MLflow', 'proficiency': 'advanced', 'endorsements': 19, 'duration_months': 35}, {'name': 'Computer Vision', 'proficiency': 'intermediate', 'endorsements': 12, 'duration_months': 19}, {'name': 'TTS', 'proficiency': 'advanced', 'endorsements': 54, 'duration_months': 44}. Profile shows evidence of production engineering experience and achieved composite score 22.065."
CAND_0098846,36,22.050148,"Strong alignment with AI/search infrastructure role. Relevant skills include {'name': 'YOLO', 'proficiency': 'intermediate', 'endorsements': 10, 'duration_months': 20}, {'name': 'Kubeflow', 'proficiency': 'intermediate', 'endorsements': 6, 'duration_months': 9}, {'name': 'Hugging Face Transformers', 'proficiency': 'expert', 'endorsements': 9, 'duration_months': 66}, {'name': 'Hadoop', 'proficiency': 'beginner', 'endorsements': 7, 'duration_months': 4}, {'name': 'PEFT', 'proficiency': 'expert', 'endorsements': 47, 'duration_months': 47}. Profile shows evidence of production engineering experience and achieved composite score 22.050."
CAND_0010685,37,22.02216,"Strong alignment with AI/search infrastructure role. Relevant skills include {'name': 'Prompt Engineering', 'proficiency': 'expert', 'endorsements': 50, 'duration_months': 56}, {'name': 'LlamaIndex', 'proficiency': 'expert', 'endorsements': 47, 'duration_months': 71}, {'name': 'Deep Learning', 'proficiency': 'advanced', 'endorsements': 56, 'duration_months': 36}, {'name': 'Statistical Modeling', 'proficiency': 'intermediate', 'endorsements': 9, 'duration_months': 23}, {'name': 'PyTorch', 'proficiency': 'expert', 'endorsements': 35, 'duration_months': 83}. Profile shows evidence of production engineering experience and achieved composite score 22.022."
CAND_0078002,38,22.004114,"Strong alignment with AI/search infrastructure role. Relevant skills include {'name': 'Statistical Modeling', 'proficiency': 'advanced', 'endorsements': 34, 'duration_months': 50}, {'name': 'pgvector', 'proficiency': 'expert', 'endorsements': 2, 'duration_months': 60}, {'name': 'Flask', 'proficiency': 'intermediate', 'endorsements': 14, 'duration_months': 34}, {'name': 'FastAPI', 'proficiency': 'beginner', 'endorsements': 11, 'duration_months': 18}, {'name': 'TensorFlow', 'proficiency': 'expert', 'endorsements': 3, 'duration_months': 80}. Profile shows evidence of production engineering experience and achieved composite score 22.004."
CAND_0064904,39,21.993347,"Strong alignment with AI/search infrastructure role. Relevant skills include {'name': 'Embeddings', 'proficiency': 'expert', 'endorsements': 58, 'duration_months': 74}, {'name': 'Hugging Face Transformers', 'proficiency': 'advanced', 'endorsements': 59, 'duration_months': 36}, {'name': 'Elasticsearch', 'proficiency': 'expert', 'endorsements': 20, 'duration_months': 71}, {'name': 'Diffusion Models', 'proficiency': 'intermediate', 'endorsements': 6, 'duration_months': 35}, {'name': 'Forecasting', 'proficiency': 'advanced', 'endorsements': 52, 'duration_months': 58}. Profile shows evidence of production engineering experience and achieved composite score 21.993."
CAND_0016163,40,21.956577,"Strong alignment with AI/search infrastructure role. Relevant skills include {'name': 'Hugging Face Transformers', 'proficiency': 'advanced', 'endorsements': 14, 'duration_months': 41}, {'name': 'Computer Vision', 'proficiency': 'advanced', 'endorsements': 32, 'duration_months': 47}, {'name': 'gRPC', 'proficiency': 'intermediate', 'endorsements': 0, 'duration_months': 33}, {'name': 'Time Series', 'proficiency': 'advanced', 'endorsements': 53, 'duration_months': 45}, {'name': 'Weaviate', 'proficiency': 'expert', 'endorsements': 6, 'duration_months': 36}. Profile shows evidence of production engineering experience and achieved composite score 21.957."
CAND_0044829,41,21.59579,"Strong alignment with AI/search infrastructure role. Relevant skills include {'name': 'Semantic Search', 'proficiency': 'intermediate', 'endorsements': 1, 'duration_months': 20}, {'name': 'GCP', 'proficiency': 'intermediate', 'endorsements': 7, 'duration_months': 20}, {'name': 'CNN', 'proficiency': 'advanced', 'endorsements': 9, 'duration_months': 27}, {'name': 'NLP', 'proficiency': 'intermediate', 'endorsements': 0, 'duration_months': 15}, {'name': 'Rust', 'proficiency': 'intermediate', 'endorsements': 11, 'duration_months': 28}. Profile shows evidence of production engineering experience and achieved composite score 21.596."
CAND_0030348,42,21.530972,"Strong alignment with AI/search infrastructure role. Relevant skills include {'name': 'LlamaIndex', 'proficiency': 'expert', 'endorsements': 7, 'duration_months': 96}, {'name': 'Deep Learning', 'proficiency': 'advanced', 'endorsements': 30, 'duration_months': 21}, {'name': 'TTS', 'proficiency': 'advanced', 'endorsements': 43, 'duration_months': 58}, {'name': 'MLOps', 'proficiency': 'advanced', 'endorsements': 3, 'duration_months': 29}, {'name': 'PyTorch', 'proficiency': 'expert', 'endorsements': 24, 'duration_months': 65}. Profile shows evidence of production engineering experience and achieved composite score 21.531."
CAND_0056704,43,21.502726,"Strong alignment with AI/search infrastructure role. Relevant skills include {'name': 'Machine Learning', 'proficiency': 'intermediate', 'endorsements': 2, 'duration_months': 22}, {'name': 'PEFT', 'proficiency': 'advanced', 'endorsements': 14, 'duration_months': 52}, {'name': 'Weaviate', 'proficiency': 'intermediate', 'endorsements': 4, 'duration_months': 35}, {'name': 'Feature Engineering', 'proficiency': 'intermediate', 'endorsements': 6, 'duration_months': 34}, {'name': 'Salesforce CRM', 'proficiency': 'beginner', 'endorsements': 4, 'duration_months': 9}. Profile shows evidence of production engineering experience and achieved composite score 21.503."
CAND_0091534,44,21.311459,"Strong alignment with AI/search infrastructure role. Relevant skills include {'name': 'Hugging Face Transformers', 'proficiency': 'advanced', 'endorsements': 0, 'duration_months': 43}, {'name': 'scikit-learn', 'proficiency': 'expert', 'endorsements': 28, 'duration_months': 64}, {'name': 'Diffusion Models', 'proficiency': 'advanced', 'endorsements': 52, 'duration_months': 29}, {'name': 'Qdrant', 'proficiency': 'advanced', 'endorsements': 3, 'duration_months': 31}, {'name': 'Sentence Transformers', 'proficiency': 'expert', 'endorsements': 5, 'duration_months': 48}. Profile shows evidence of production engineering experience and achieved composite score 21.311."
CAND_0083790,45,21.309767,"Strong alignment with AI/search infrastructure role. Relevant skills include {'name': 'Image Classification', 'proficiency': 'advanced', 'endorsements': 44, 'duration_months': 47}, {'name': 'RAG', 'proficiency': 'advanced', 'endorsements': 44, 'duration_months': 55}, {'name': 'Object Detection', 'proficiency': 'advanced', 'endorsements': 1, 'duration_months': 26}, {'name': 'Reinforcement Learning', 'proficiency': 'intermediate', 'endorsements': 8, 'duration_months': 26}, {'name': 'YOLO', 'proficiency': 'intermediate', 'endorsements': 10, 'duration_months': 27}. Profile shows evidence of production engineering experience and achieved composite score 21.310."
CAND_0098624,46,21.308132,"Strong alignment with AI/search infrastructure role. Relevant skills include {'name': 'OpenCV', 'proficiency': 'intermediate', 'endorsements': 0, 'duration_months': 15}, {'name': 'Qdrant', 'proficiency': 'intermediate', 'endorsements': 3, 'duration_months': 30}, {'name': 'Speech Recognition', 'proficiency': 'intermediate', 'endorsements': 9, 'duration_months': 36}, {'name': 'MLOps', 'proficiency': 'intermediate', 'endorsements': 3, 'duration_months': 20}, {'name': 'Databricks', 'proficiency': 'beginner', 'endorsements': 2, 'duration_months': 15}. Profile shows evidence of production engineering experience and achieved composite score 21.308."
CAND_0071033,47,21.2257,"Strong alignment with AI/search infrastructure role. Relevant skills include {'name': 'Feature Engineering', 'proficiency': 'advanced', 'endorsements': 30, 'duration_months': 52}, {'name': 'Forecasting', 'proficiency': 'advanced', 'endorsements': 7, 'duration_months': 60}, {'name': 'OpenSearch', 'proficiency': 'intermediate', 'endorsements': 11, 'duration_months': 27}, {'name': 'QLoRA', 'proficiency': 'advanced', 'endorsements': 28, 'duration_months': 55}, {'name': 'Image Classification', 'proficiency': 'advanced', 'endorsements': 24, 'duration_months': 32}. Profile shows evidence of production engineering experience and achieved composite score 21.226."
CAND_0082910,48,21.221048,"Strong alignment with AI/search infrastructure role. Relevant skills include {'name': 'Diffusion Models', 'proficiency': 'advanced', 'endorsements': 25, 'duration_months': 45}, {'name': 'Speech Recognition', 'proficiency': 'advanced', 'endorsements': 59, 'duration_months': 29}, {'name': 'BigQuery', 'proficiency': 'beginner', 'endorsements': 5, 'duration_months': 7}, {'name': 'LlamaIndex', 'proficiency': 'intermediate', 'endorsements': 12, 'duration_months': 10}, {'name': 'OpenCV', 'proficiency': 'intermediate', 'endorsements': 1, 'duration_months': 29}. Profile shows evidence of production engineering experience and achieved composite score 21.221."
CAND_0020494,49,21.119497,"Strong alignment with AI/search infrastructure role. Relevant skills include {'name': 'Image Classification', 'proficiency': 'intermediate', 'endorsements': 14, 'duration_months': 9}, {'name': 'Speech Recognition', 'proficiency': 'intermediate', 'endorsements': 4, 'duration_months': 23}, {'name': 'CNN', 'proficiency': 'advanced', 'endorsements': 22, 'duration_months': 43}, {'name': 'PostgreSQL', 'proficiency': 'intermediate', 'endorsements': 2, 'duration_months': 25}, {'name': 'Prompt Engineering', 'proficiency': 'intermediate', 'endorsements': 0, 'duration_months': 8}. Profile shows evidence of production engineering experience and achieved composite score 21.119."
CAND_0069232,50,21.078096,"Strong alignment with AI/search infrastructure role. Relevant skills include {'name': 'Statistical Modeling', 'proficiency': 'advanced', 'endorsements': 35, 'duration_months': 37}, {'name': 'Pinecone', 'proficiency': 'intermediate', 'endorsements': 4, 'duration_months': 13}, {'name': 'NLP', 'proficiency': 'advanced', 'endorsements': 23, 'duration_months': 23}, {'name': 'Computer Vision', 'proficiency': 'intermediate', 'endorsements': 6, 'duration_months': 9}, {'name': 'Speech Recognition', 'proficiency': 'advanced', 'endorsements': 1, 'duration_months': 21}. Profile shows evidence of production engineering experience and achieved composite score 21.078."
CAND_0052712,51,21.024763,"Strong alignment with AI/search infrastructure role. Relevant skills include {'name': 'Computer Vision', 'proficiency': 'advanced', 'endorsements': 42, 'duration_months': 27}, {'name': 'Hugging Face Transformers', 'proficiency': 'advanced', 'endorsements': 32, 'duration_months': 53}, {'name': 'Data Science', 'proficiency': 'intermediate', 'endorsements': 9, 'duration_months': 28}, {'name': 'Spring Boot', 'proficiency': 'intermediate', 'endorsements': 3, 'duration_months': 29}, {'name': 'LoRA', 'proficiency': 'intermediate', 'endorsements': 2, 'duration_months': 35}. Profile shows evidence of production engineering experience and achieved composite score 21.025."
CAND_0024630,52,21.00231,"Strong alignment with AI/search infrastructure role. Relevant skills include {'name': 'TTS', 'proficiency': 'intermediate', 'endorsements': 6, 'duration_months': 12}, {'name': 'Computer Vision', 'proficiency': 'advanced', 'endorsements': 17, 'duration_months': 30}, {'name': 'Spark', 'proficiency': 'intermediate', 'endorsements': 2, 'duration_months': 13}, {'name': 'BM25', 'proficiency': 'intermediate', 'endorsements': 9, 'duration_months': 26}, {'name': 'LangChain', 'proficiency': 'intermediate', 'endorsements': 1, 'duration_months': 14}. Profile shows evidence of production engineering experience and achieved composite score 21.002."
CAND_0028793,53,20.927708,"Strong alignment with AI/search infrastructure role. Relevant skills include {'name': 'SAP', 'proficiency': 'intermediate', 'endorsements': 6, 'duration_months': 20}, {'name': 'Kubeflow', 'proficiency': 'advanced', 'endorsements': 3, 'duration_months': 49}, {'name': 'Embeddings', 'proficiency': 'expert', 'endorsements': 16, 'duration_months': 78}, {'name': 'Haystack', 'proficiency': 'expert', 'endorsements': 12, 'duration_months': 44}, {'name': 'YOLO', 'proficiency': 'intermediate', 'endorsements': 0, 'duration_months': 13}. Profile shows evidence of production engineering experience and achieved composite score 20.928."
CAND_0040887,54,20.846518,"Strong alignment with AI/search infrastructure role. Relevant skills include {'name': 'Reinforcement Learning', 'proficiency': 'advanced', 'endorsements': 2, 'duration_months': 52}, {'name': 'Computer Vision', 'proficiency': 'advanced', 'endorsements': 6, 'duration_months': 53}, {'name': 'SEO', 'proficiency': 'beginner', 'endorsements': 1, 'duration_months': 3}, {'name': 'FAISS', 'proficiency': 'advanced', 'endorsements': 17, 'duration_months': 52}, {'name': 'MLflow', 'proficiency': 'intermediate', 'endorsements': 15, 'duration_months': 34}. Profile shows evidence of production engineering experience and achieved composite score 20.847."
CAND_0001600,55,20.78441,"Strong alignment with AI/search infrastructure role. Relevant skills include {'name': 'Object Detection', 'proficiency': 'advanced', 'endorsements': 34, 'duration_months': 46}, {'name': 'Kubeflow', 'proficiency': 'advanced', 'endorsements': 29, 'duration_months': 31}, {'name': 'BentoML', 'proficiency': 'intermediate', 'endorsements': 10, 'duration_months': 35}, {'name': 'Semantic Search', 'proficiency': 'intermediate', 'endorsements': 13, 'duration_months': 35}, {'name': 'Diffusion Models', 'proficiency': 'intermediate', 'endorsements': 14, 'duration_months': 34}. Profile shows evidence of production engineering experience and achieved composite score 20.784."
CAND_0013002,56,20.566763,"Strong alignment with AI/search infrastructure role. Relevant skills include {'name': 'Learning to Rank', 'proficiency': 'intermediate', 'endorsements': 14, 'duration_months': 18}, {'name': 'Prompt Engineering', 'proficiency': 'advanced', 'endorsements': 57, 'duration_months': 53}, {'name': 'GraphQL', 'proficiency': 'beginner', 'endorsements': 11, 'duration_months': 16}, {'name': 'Milvus', 'proficiency': 'advanced', 'endorsements': 54, 'duration_months': 46}, {'name': 'OpenCV', 'proficiency': 'intermediate', 'endorsements': 1, 'duration_months': 13}. Profile shows evidence of production engineering experience and achieved composite score 20.567."
CAND_0063328,57,20.558535,"Strong alignment with AI/search infrastructure role. Relevant skills include {'name': 'YOLO', 'proficiency': 'intermediate', 'endorsements': 0, 'duration_months': 25}, {'name': 'Feature Engineering', 'proficiency': 'intermediate', 'endorsements': 14, 'duration_months': 19}, {'name': 'LlamaIndex', 'proficiency': 'intermediate', 'endorsements': 10, 'duration_months': 9}, {'name': 'OpenCV', 'proficiency': 'intermediate', 'endorsements': 6, 'duration_months': 24}, {'name': 'BM25', 'proficiency': 'intermediate', 'endorsements': 10, 'duration_months': 30}. Profile shows evidence of production engineering experience and achieved composite score 20.559."
CAND_0061795,58,20.506958,"Strong alignment with AI/search infrastructure role. Relevant skills include {'name': 'Statistical Modeling', 'proficiency': 'intermediate', 'endorsements': 4, 'duration_months': 36}, {'name': 'Data Science', 'proficiency': 'intermediate', 'endorsements': 10, 'duration_months': 27}, {'name': 'Deep Learning', 'proficiency': 'advanced', 'endorsements': 37, 'duration_months': 50}, {'name': 'Spring Boot', 'proficiency': 'intermediate', 'endorsements': 14, 'duration_months': 32}, {'name': 'GANs', 'proficiency': 'intermediate', 'endorsements': 5, 'duration_months': 36}. Profile shows evidence of production engineering experience and achieved composite score 20.507."
CAND_0084963,59,20.464193,"Strong alignment with AI/search infrastructure role. Relevant skills include {'name': 'Information Retrieval', 'proficiency': 'intermediate', 'endorsements': 14, 'duration_months': 11}, {'name': 'Hugging Face Transformers', 'proficiency': 'intermediate', 'endorsements': 14, 'duration_months': 34}, {'name': 'Time Series', 'proficiency': 'intermediate', 'endorsements': 12, 'duration_months': 25}, {'name': 'Machine Learning', 'proficiency': 'intermediate', 'endorsements': 5, 'duration_months': 36}, {'name': 'Reinforcement Learning', 'proficiency': 'intermediate', 'endorsements': 12, 'duration_months': 26}. Profile shows evidence of production engineering experience and achieved composite score 20.464."
CAND_0014743,60,20.451036,"Strong alignment with AI/search infrastructure role. Relevant skills include {'name': 'Information Retrieval', 'proficiency': 'intermediate', 'endorsements': 9, 'duration_months': 35}, {'name': 'Angular', 'proficiency': 'beginner', 'endorsements': 7, 'duration_months': 13}, {'name': 'scikit-learn', 'proficiency': 'advanced', 'endorsements': 21, 'duration_months': 51}, {'name': 'Statistical Modeling', 'proficiency': 'intermediate', 'endorsements': 4, 'duration_months': 31}, {'name': 'Machine Learning', 'proficiency': 'intermediate', 'endorsements': 15, 'duration_months': 27}. Profile shows evidence of production engineering experience and achieved composite score 20.451."
CAND_0010257,61,20.437078,"Strong alignment with AI/search infrastructure role. Relevant skills include {'name': 'Milvus', 'proficiency': 'expert', 'endorsements': 51, 'duration_months': 72}, {'name': 'TensorFlow', 'proficiency': 'expert', 'endorsements': 52, 'duration_months': 53}, {'name': 'MLflow', 'proficiency': 'advanced', 'endorsements': 54, 'duration_months': 50}, {'name': 'Python', 'proficiency': 'expert', 'endorsements': 27, 'duration_months': 86}, {'name': 'Forecasting', 'proficiency': 'intermediate', 'endorsements': 12, 'duration_months': 25}. Profile shows evidence of production engineering experience and achieved composite score 20.437."
CAND_0089498,62,20.27856,"Strong alignment with AI/search infrastructure role. Relevant skills include {'name': 'RAG', 'proficiency': 'advanced', 'endorsements': 22, 'duration_months': 44}, {'name': 'Weaviate', 'proficiency': 'advanced', 'endorsements': 5, 'duration_months': 39}, {'name': 'OpenSearch', 'proficiency': 'intermediate', 'endorsements': 14, 'duration_months': 13}, {'name': 'Diffusion Models', 'proficiency': 'intermediate', 'endorsements': 11, 'duration_months': 35}, {'name': 'TTS', 'proficiency': 'intermediate', 'endorsements': 8, 'duration_months': 36}. Profile shows evidence of production engineering experience and achieved composite score 20.279."
CAND_0006850,63,20.22695,"Strong alignment with AI/search infrastructure role. Relevant skills include {'name': 'Elasticsearch', 'proficiency': 'intermediate', 'endorsements': 8, 'duration_months': 30}, {'name': 'Accounting', 'proficiency': 'beginner', 'endorsements': 0, 'duration_months': 8}, {'name': 'QLoRA', 'proficiency': 'advanced', 'endorsements': 38, 'duration_months': 21}, {'name': 'Kubeflow', 'proficiency': 'advanced', 'endorsements': 42, 'duration_months': 48}, {'name': 'Python', 'proficiency': 'advanced', 'endorsements': 37, 'duration_months': 27}. Profile shows evidence of production engineering experience and achieved composite score 20.227."
CAND_0060814,64,20.203436,"Strong alignment with AI/search infrastructure role. Relevant skills include {'name': 'Apache Flink', 'proficiency': 'intermediate', 'endorsements': 13, 'duration_months': 30}, {'name': 'Time Series', 'proficiency': 'intermediate', 'endorsements': 1, 'duration_months': 26}, {'name': 'Recommendation Systems', 'proficiency': 'intermediate', 'endorsements': 8, 'duration_months': 26}, {'name': 'Photoshop', 'proficiency': 'intermediate', 'endorsements': 7, 'duration_months': 13}, {'name': 'RAG', 'proficiency': 'advanced', 'endorsements': 52, 'duration_months': 20}. Profile shows evidence of production engineering experience and achieved composite score 20.203."
CAND_0069771,65,20.154291,"Strong alignment with AI/search infrastructure role. Relevant skills include {'name': 'Elasticsearch', 'proficiency': 'advanced', 'endorsements': 21, 'duration_months': 21}, {'name': 'CNN', 'proficiency': 'advanced', 'endorsements': 4, 'duration_months': 60}, {'name': 'LLMs', 'proficiency': 'intermediate', 'endorsements': 9, 'duration_months': 33}, {'name': 'GANs', 'proficiency': 'advanced', 'endorsements': 16, 'duration_months': 60}, {'name': 'FAISS', 'proficiency': 'advanced', 'endorsements': 1, 'duration_months': 22}. Profile shows evidence of production engineering experience and achieved composite score 20.154."
CAND_0032179,66,20.142788,"Strong alignment with AI/search infrastructure role. Relevant skills include {'name': 'Object Detection', 'proficiency': 'intermediate', 'endorsements': 0, 'duration_months': 16}, {'name': 'Vector Search', 'proficiency': 'advanced', 'endorsements': 30, 'duration_months': 47}, {'name': 'Reinforcement Learning', 'proficiency': 'intermediate', 'endorsements': 0, 'duration_months': 26}, {'name': 'Weaviate', 'proficiency': 'advanced', 'endorsements': 14, 'duration_months': 45}, {'name': 'Python', 'proficiency': 'intermediate', 'endorsements': 14, 'duration_months': 10}. Profile shows evidence of production engineering experience and achieved composite score 20.143."
CAND_0003977,67,20.129118,"Strong alignment with AI/search infrastructure role. Relevant skills include {'name': 'Learning to Rank', 'proficiency': 'expert', 'endorsements': 26, 'duration_months': 81}, {'name': 'NLP', 'proficiency': 'advanced', 'endorsements': 0, 'duration_months': 53}, {'name': 'Node.js', 'proficiency': 'beginner', 'endorsements': 5, 'duration_months': 8}, {'name': 'Embeddings', 'proficiency': 'expert', 'endorsements': 45, 'duration_months': 77}, {'name': 'Semantic Search', 'proficiency': 'expert', 'endorsements': 52, 'duration_months': 36}. Profile shows evidence of production engineering experience and achieved composite score 20.129."
CAND_0020877,68,20.04201,"Strong alignment with AI/search infrastructure role. Relevant skills include {'name': 'QLoRA', 'proficiency': 'expert', 'endorsements': 51, 'duration_months': 83}, {'name': 'Kubeflow', 'proficiency': 'advanced', 'endorsements': 17, 'duration_months': 58}, {'name': 'YOLO', 'proficiency': 'advanced', 'endorsements': 57, 'duration_months': 46}, {'name': 'Elasticsearch', 'proficiency': 'expert', 'endorsements': 30, 'duration_months': 69}, {'name': 'PyTorch', 'proficiency': 'advanced', 'endorsements': 58, 'duration_months': 37}. Profile shows evidence of production engineering experience and achieved composite score 20.042."
CAND_0067201,69,20.038498,"Strong alignment with AI/search infrastructure role. Relevant skills include {'name': 'FAISS', 'proficiency': 'advanced', 'endorsements': 41, 'duration_months': 58}, {'name': 'TTS', 'proficiency': 'advanced', 'endorsements': 21, 'duration_months': 46}, {'name': 'Milvus', 'proficiency': 'intermediate', 'endorsements': 5, 'duration_months': 25}, {'name': 'Feature Engineering', 'proficiency': 'advanced', 'endorsements': 7, 'duration_months': 43}, {'name': 'Recommendation Systems', 'proficiency': 'intermediate', 'endorsements': 15, 'duration_months': 23}. Profile shows evidence of production engineering experience and achieved composite score 20.038."
CAND_0077343,70,20.016768,"Strong alignment with AI/search infrastructure role. Relevant skills include {'name': 'Elasticsearch', 'proficiency': 'intermediate', 'endorsements': 3, 'duration_months': 25}, {'name': 'CNN', 'proficiency': 'advanced', 'endorsements': 31, 'duration_months': 34}, {'name': 'Prompt Engineering', 'proficiency': 'intermediate', 'endorsements': 9, 'duration_months': 12}, {'name': 'TTS', 'proficiency': 'advanced', 'endorsements': 34, 'duration_months': 52}, {'name': 'Tailwind', 'proficiency': 'beginner', 'endorsements': 1, 'duration_months': 7}. Profile shows evidence of production engineering experience and achieved composite score 20.017."
CAND_0030946,71,19.996262,"Strong alignment with AI/search infrastructure role. Relevant skills include {'name': 'BM25', 'proficiency': 'intermediate', 'endorsements': 3, 'duration_months': 21}, {'name': 'Learning to Rank', 'proficiency': 'intermediate', 'endorsements': 6, 'duration_months': 15}, {'name': 'Diffusion Models', 'proficiency': 'intermediate', 'endorsements': 0, 'duration_months': 32}, {'name': 'Machine Learning', 'proficiency': 'intermediate', 'endorsements': 13, 'duration_months': 23}, {'name': 'Elasticsearch', 'proficiency': 'intermediate', 'endorsements': 4, 'duration_months': 26}. Profile shows evidence of production engineering experience and achieved composite score 19.996."
CAND_0002270,72,19.901093,"Strong alignment with AI/search infrastructure role. Relevant skills include {'name': 'Semantic Search', 'proficiency': 'advanced', 'endorsements': 23, 'duration_months': 53}, {'name': 'LlamaIndex', 'proficiency': 'intermediate', 'endorsements': 8, 'duration_months': 31}, {'name': 'Object Detection', 'proficiency': 'intermediate', 'endorsements': 6, 'duration_months': 9}, {'name': 'LLMs', 'proficiency': 'advanced', 'endorsements': 36, 'duration_months': 36}, {'name': 'Sentence Transformers', 'proficiency': 'advanced', 'endorsements': 38, 'duration_months': 19}. Profile shows evidence of production engineering experience and achieved composite score 19.901."
CAND_0065514,73,19.895126,"Strong alignment with AI/search infrastructure role. Relevant skills include {'name': 'LangChain', 'proficiency': 'advanced', 'endorsements': 48, 'duration_months': 40}, {'name': 'Vector Search', 'proficiency': 'intermediate', 'endorsements': 13, 'duration_months': 30}, {'name': 'Pinecone', 'proficiency': 'advanced', 'endorsements': 13, 'duration_months': 19}, {'name': 'Elasticsearch', 'proficiency': 'advanced', 'endorsements': 40, 'duration_months': 33}, {'name': 'Milvus', 'proficiency': 'intermediate', 'endorsements': 11, 'duration_months': 36}. Profile shows evidence of production engineering experience and achieved composite score 19.895."
CAND_0096823,74,19.840101,"Strong alignment with AI/search infrastructure role. Relevant skills include {'name': 'Data Science', 'proficiency': 'advanced', 'endorsements': 12, 'duration_months': 44}, {'name': 'NLP', 'proficiency': 'intermediate', 'endorsements': 11, 'duration_months': 16}, {'name': 'Sentence Transformers', 'proficiency': 'intermediate', 'endorsements': 0, 'duration_months': 31}, {'name': 'Statistical Modeling', 'proficiency': 'advanced', 'endorsements': 38, 'duration_months': 35}, {'name': 'Image Classification', 'proficiency': 'advanced', 'endorsements': 58, 'duration_months': 58}. Profile shows evidence of production engineering experience and achieved composite score 19.840."
CAND_0015528,75,19.822153,"Strong alignment with AI/search infrastructure role. Relevant skills include {'name': 'Docker', 'proficiency': 'beginner', 'endorsements': 0, 'duration_months': 2}, {'name': 'Weaviate', 'proficiency': 'expert', 'endorsements': 27, 'duration_months': 37}, {'name': 'BentoML', 'proficiency': 'advanced', 'endorsements': 12, 'duration_months': 43}, {'name': 'Weights & Biases', 'proficiency': 'advanced', 'endorsements': 46, 'duration_months': 19}, {'name': 'LangChain', 'proficiency': 'expert', 'endorsements': 40, 'duration_months': 47}. Profile shows evidence of production engineering experience and achieved composite score 19.822."
CAND_0081932,76,19.790665,"Strong alignment with AI/search infrastructure role. Relevant skills include {'name': 'Forecasting', 'proficiency': 'advanced', 'endorsements': 40, 'duration_months': 42}, {'name': 'Feature Engineering', 'proficiency': 'advanced', 'endorsements': 48, 'duration_months': 46}, {'name': 'Data Science', 'proficiency': 'intermediate', 'endorsements': 1, 'duration_months': 11}, {'name': 'MLOps', 'proficiency': 'advanced', 'endorsements': 9, 'duration_months': 49}, {'name': 'Information Retrieval', 'proficiency': 'intermediate', 'endorsements': 3, 'duration_months': 17}. Profile shows evidence of production engineering experience and achieved composite score 19.791."
CAND_0092596,77,19.742859,"Strong alignment with AI/search infrastructure role. Relevant skills include {'name': 'Statistical Modeling', 'proficiency': 'advanced', 'endorsements': 55, 'duration_months': 18}, {'name': 'Deep Learning', 'proficiency': 'intermediate', 'endorsements': 8, 'duration_months': 17}, {'name': 'NLP', 'proficiency': 'intermediate', 'endorsements': 0, 'duration_months': 9}, {'name': 'Pinecone', 'proficiency': 'intermediate', 'endorsements': 0, 'duration_months': 10}, {'name': 'Object Detection', 'proficiency': 'intermediate', 'endorsements': 10, 'duration_months': 23}. Profile shows evidence of production engineering experience and achieved composite score 19.743."
CAND_0006821,78,19.66232,"Strong alignment with AI/search infrastructure role. Relevant skills include {'name': 'TTS', 'proficiency': 'advanced', 'endorsements': 49, 'duration_months': 31}, {'name': 'RAG', 'proficiency': 'advanced', 'endorsements': 55, 'duration_months': 48}, {'name': 'SAP', 'proficiency': 'intermediate', 'endorsements': 7, 'duration_months': 32}, {'name': 'Speech Recognition', 'proficiency': 'intermediate', 'endorsements': 6, 'duration_months': 9}, {'name': 'FAISS', 'proficiency': 'advanced', 'endorsements': 59, 'duration_months': 33}. Profile shows evidence of production engineering experience and achieved composite score 19.662."
CAND_0017960,79,19.631802,"Strong alignment with AI/search infrastructure role. Relevant skills include {'name': 'LlamaIndex', 'proficiency': 'advanced', 'endorsements': 2, 'duration_months': 34}, {'name': 'QLoRA', 'proficiency': 'expert', 'endorsements': 28, 'duration_months': 63}, {'name': 'Hugging Face Transformers', 'proficiency': 'expert', 'endorsements': 15, 'duration_months': 36}, {'name': 'Reinforcement Learning', 'proficiency': 'intermediate', 'endorsements': 1, 'duration_months': 12}, {'name': 'Machine Learning', 'proficiency': 'advanced', 'endorsements': 6, 'duration_months': 28}. Profile shows evidence of production engineering experience and achieved composite score 19.632."
CAND_0078579,80,19.56139,"Strong alignment with AI/search infrastructure role. Relevant skills include {'name': 'Milvus', 'proficiency': 'intermediate', 'endorsements': 9, 'duration_months': 15}, {'name': 'Image Classification', 'proficiency': 'advanced', 'endorsements': 33, 'duration_months': 36}, {'name': 'GraphQL', 'proficiency': 'beginner', 'endorsements': 15, 'duration_months': 5}, {'name': 'Weights & Biases', 'proficiency': 'intermediate', 'endorsements': 5, 'duration_months': 35}, {'name': 'TTS', 'proficiency': 'intermediate', 'endorsements': 2, 'duration_months': 22}. Profile shows evidence of production engineering experience and achieved composite score 19.561."
CAND_0078856,81,19.53915,"Strong alignment with AI/search infrastructure role. Relevant skills include {'name': 'GANs', 'proficiency': 'intermediate', 'endorsements': 9, 'duration_months': 29}, {'name': 'Weaviate', 'proficiency': 'advanced', 'endorsements': 42, 'duration_months': 20}, {'name': 'Java', 'proficiency': 'intermediate', 'endorsements': 9, 'duration_months': 10}, {'name': 'Milvus', 'proficiency': 'advanced', 'endorsements': 16, 'duration_months': 26}, {'name': 'pgvector', 'proficiency': 'intermediate', 'endorsements': 0, 'duration_months': 29}. Profile shows evidence of production engineering experience and achieved composite score 19.539."
CAND_0006538,82,19.467945,"Strong alignment with AI/search infrastructure role. Relevant skills include {'name': 'Recommendation Systems', 'proficiency': 'advanced', 'endorsements': 1, 'duration_months': 41}, {'name': 'scikit-learn', 'proficiency': 'intermediate', 'endorsements': 10, 'duration_months': 20}, {'name': 'Time Series', 'proficiency': 'intermediate', 'endorsements': 11, 'duration_months': 19}, {'name': 'CNN', 'proficiency': 'intermediate', 'endorsements': 15, 'duration_months': 31}, {'name': 'Elasticsearch', 'proficiency': 'intermediate', 'endorsements': 8, 'duration_months': 17}. Profile shows evidence of production engineering experience and achieved composite score 19.468."
CAND_0033842,83,19.465385,"Strong alignment with AI/search infrastructure role. Relevant skills include {'name': 'Haystack', 'proficiency': 'intermediate', 'endorsements': 15, 'duration_months': 36}, {'name': 'Image Classification', 'proficiency': 'intermediate', 'endorsements': 13, 'duration_months': 11}, {'name': 'OpenSearch', 'proficiency': 'intermediate', 'endorsements': 15, 'duration_months': 27}, {'name': 'MLOps', 'proficiency': 'advanced', 'endorsements': 39, 'duration_months': 25}, {'name': 'BentoML', 'proficiency': 'intermediate', 'endorsements': 2, 'duration_months': 17}. Profile shows evidence of production engineering experience and achieved composite score 19.465."
CAND_0036416,84,19.42971,"Strong alignment with AI/search infrastructure role. Relevant skills include {'name': 'Diffusion Models', 'proficiency': 'advanced', 'endorsements': 2, 'duration_months': 37}, {'name': 'Recommendation Systems', 'proficiency': 'intermediate', 'endorsements': 14, 'duration_months': 13}, {'name': 'Image Classification', 'proficiency': 'advanced', 'endorsements': 28, 'duration_months': 30}, {'name': 'Forecasting', 'proficiency': 'advanced', 'endorsements': 22, 'duration_months': 35}, {'name': 'dbt', 'proficiency': 'beginner', 'endorsements': 11, 'duration_months': 16}. Profile shows evidence of production engineering experience and achieved composite score 19.430."
CAND_0030468,85,19.37479,"Strong alignment with AI/search infrastructure role. Relevant skills include {'name': 'Information Retrieval Systems', 'proficiency': 'advanced', 'endorsements': 39, 'duration_months': 24}, {'name': 'Content Matching', 'proficiency': 'expert', 'endorsements': 46, 'duration_months': 82}, {'name': 'Text Encoders', 'proficiency': 'expert', 'endorsements': 53, 'duration_months': 77}, {'name': 'TensorFlow', 'proficiency': 'advanced', 'endorsements': 21, 'duration_months': 38}, {'name': 'Search & Discovery', 'proficiency': 'expert', 'endorsements': 57, 'duration_months': 45}. Profile shows evidence of production engineering experience and achieved composite score 19.375."
CAND_0053934,86,19.356985,"Strong alignment with AI/search infrastructure role. Relevant skills include {'name': 'TensorFlow', 'proficiency': 'advanced', 'endorsements': 29, 'duration_months': 23}, {'name': 'BigQuery', 'proficiency': 'intermediate', 'endorsements': 2, 'duration_months': 12}, {'name': 'CNN', 'proficiency': 'intermediate', 'endorsements': 13, 'duration_months': 26}, {'name': 'Milvus', 'proficiency': 'intermediate', 'endorsements': 6, 'duration_months': 16}, {'name': 'Embeddings', 'proficiency': 'advanced', 'endorsements': 29, 'duration_months': 30}. Profile shows evidence of production engineering experience and achieved composite score 19.357."
CAND_0061590,87,19.346012,"Strong alignment with AI/search infrastructure role. Relevant skills include {'name': 'Object Detection', 'proficiency': 'advanced', 'endorsements': 7, 'duration_months': 26}, {'name': 'GANs', 'proficiency': 'advanced', 'endorsements': 17, 'duration_months': 21}, {'name': 'TTS', 'proficiency': 'advanced', 'endorsements': 3, 'duration_months': 26}, {'name': 'LoRA', 'proficiency': 'advanced', 'endorsements': 22, 'duration_months': 59}, {'name': 'AWS', 'proficiency': 'intermediate', 'endorsements': 10, 'duration_months': 24}. Profile shows evidence of production engineering experience and achieved composite score 19.346."
CAND_0005538,88,19.340942,"Strong alignment with AI/search infrastructure role. Relevant skills include {'name': 'Project Management', 'proficiency': 'intermediate', 'endorsements': 11, 'duration_months': 29}, {'name': 'Vector Representations', 'proficiency': 'expert', 'endorsements': 34, 'duration_months': 46}, {'name': 'Deep Learning', 'proficiency': 'expert', 'endorsements': 32, 'duration_months': 82}, {'name': 'Content Matching', 'proficiency': 'advanced', 'endorsements': 17, 'duration_months': 44}, {'name': 'Apache Flink', 'proficiency': 'intermediate', 'endorsements': 6, 'duration_months': 26}. Profile shows evidence of production engineering experience and achieved composite score 19.341."
CAND_0061156,89,19.319384,"Strong alignment with AI/search infrastructure role. Relevant skills include {'name': 'Airflow', 'proficiency': 'beginner', 'endorsements': 0, 'duration_months': 4}, {'name': 'OpenSearch', 'proficiency': 'intermediate', 'endorsements': 10, 'duration_months': 34}, {'name': 'Weaviate', 'proficiency': 'intermediate', 'endorsements': 11, 'duration_months': 28}, {'name': 'pgvector', 'proficiency': 'advanced', 'endorsements': 27, 'duration_months': 56}, {'name': 'LangChain', 'proficiency': 'advanced', 'endorsements': 4, 'duration_months': 42}. Profile shows evidence of production engineering experience and achieved composite score 19.319."
CAND_0037000,90,19.315004,"Strong alignment with AI/search infrastructure role. Relevant skills include {'name': 'Embeddings', 'proficiency': 'advanced', 'endorsements': 15, 'duration_months': 39}, {'name': 'LangChain', 'proficiency': 'expert', 'endorsements': 9, 'duration_months': 87}, {'name': 'TTS', 'proficiency': 'advanced', 'endorsements': 20, 'duration_months': 51}, {'name': 'Semantic Search', 'proficiency': 'advanced', 'endorsements': 24, 'duration_months': 39}, {'name': 'TensorFlow', 'proficiency': 'advanced', 'endorsements': 43, 'duration_months': 31}. Profile shows evidence of production engineering experience and achieved composite score 19.315."
CAND_0055842,91,19.296488,"Strong alignment with AI/search infrastructure role. Relevant skills include {'name': 'RAG', 'proficiency': 'intermediate', 'endorsements': 5, 'duration_months': 29}, {'name': 'Information Retrieval', 'proficiency': 'advanced', 'endorsements': 56, 'duration_months': 46}, {'name': 'TTS', 'proficiency': 'intermediate', 'endorsements': 2, 'duration_months': 19}, {'name': 'TensorFlow', 'proficiency': 'intermediate', 'endorsements': 6, 'duration_months': 9}, {'name': 'Content Writing', 'proficiency': 'intermediate', 'endorsements': 10, 'duration_months': 22}. Profile shows evidence of production engineering experience and achieved composite score 19.296."
CAND_0027723,92,19.285345,"Strong alignment with AI/search infrastructure role. Relevant skills include {'name': 'Vector Search', 'proficiency': 'intermediate', 'endorsements': 11, 'duration_months': 16}, {'name': 'Feature Engineering', 'proficiency': 'advanced', 'endorsements': 1, 'duration_months': 45}, {'name': 'Statistical Modeling', 'proficiency': 'intermediate', 'endorsements': 12, 'duration_months': 30}, {'name': 'Diffusion Models', 'proficiency': 'advanced', 'endorsements': 14, 'duration_months': 20}, {'name': 'GANs', 'proficiency': 'intermediate', 'endorsements': 12, 'duration_months': 26}. Profile shows evidence of production engineering experience and achieved composite score 19.285."
CAND_0072660,93,19.267378,"Strong alignment with AI/search infrastructure role. Relevant skills include {'name': 'Feature Engineering', 'proficiency': 'advanced', 'endorsements': 51, 'duration_months': 22}, {'name': 'LoRA', 'proficiency': 'expert', 'endorsements': 36, 'duration_months': 90}, {'name': 'pgvector', 'proficiency': 'expert', 'endorsements': 11, 'duration_months': 51}, {'name': 'PyTorch', 'proficiency': 'expert', 'endorsements': 34, 'duration_months': 46}, {'name': 'Kubeflow', 'proficiency': 'advanced', 'endorsements': 2, 'duration_months': 44}. Profile shows evidence of production engineering experience and achieved composite score 19.267."
CAND_0055992,94,19.260902,"Strong alignment with AI/search infrastructure role. Relevant skills include {'name': 'Information Retrieval', 'proficiency': 'expert', 'endorsements': 54, 'duration_months': 38}, {'name': 'MLflow', 'proficiency': 'advanced', 'endorsements': 54, 'duration_months': 57}, {'name': 'FAISS', 'proficiency': 'expert', 'endorsements': 21, 'duration_months': 96}, {'name': 'RAG', 'proficiency': 'advanced', 'endorsements': 1, 'duration_months': 52}, {'name': 'Feature Engineering', 'proficiency': 'intermediate', 'endorsements': 9, 'duration_months': 14}. Profile shows evidence of production engineering experience and achieved composite score 19.261."
CAND_0000031,95,19.259315,"Strong alignment with AI/search infrastructure role. Relevant skills include {'name': 'Go', 'proficiency': 'intermediate', 'endorsements': 7, 'duration_months': 19}, {'name': 'MLflow', 'proficiency': 'advanced', 'endorsements': 59, 'duration_months': 21}, {'name': 'FAISS', 'proficiency': 'advanced', 'endorsements': 19, 'duration_months': 35}, {'name': 'Pinecone', 'proficiency': 'expert', 'endorsements': 34, 'duration_months': 88}, {'name': 'Angular', 'proficiency': 'beginner', 'endorsements': 4, 'duration_months': 18}. Profile shows evidence of production engineering experience and achieved composite score 19.259."
CAND_0075481,96,19.235643,"Strong alignment with AI/search infrastructure role. Relevant skills include {'name': 'Information Retrieval', 'proficiency': 'intermediate', 'endorsements': 6, 'duration_months': 28}, {'name': 'GraphQL', 'proficiency': 'intermediate', 'endorsements': 1, 'duration_months': 11}, {'name': 'CSS', 'proficiency': 'intermediate', 'endorsements': 4, 'duration_months': 11}, {'name': 'YOLO', 'proficiency': 'advanced', 'endorsements': 10, 'duration_months': 44}, {'name': 'scikit-learn', 'proficiency': 'intermediate', 'endorsements': 8, 'duration_months': 25}. Profile shows evidence of production engineering experience and achieved composite score 19.236."
CAND_0017093,97,19.170881,"Strong alignment with AI/search infrastructure role. Relevant skills include {'name': 'Airflow', 'proficiency': 'beginner', 'endorsements': 11, 'duration_months': 11}, {'name': 'ASR', 'proficiency': 'intermediate', 'endorsements': 15, 'duration_months': 13}, {'name': 'Data Science', 'proficiency': 'advanced', 'endorsements': 48, 'duration_months': 21}, {'name': 'OpenCV', 'proficiency': 'intermediate', 'endorsements': 10, 'duration_months': 34}, {'name': 'LLMs', 'proficiency': 'intermediate', 'endorsements': 2, 'duration_months': 36}. Profile shows evidence of production engineering experience and achieved composite score 19.171."
CAND_0030827,98,19.159622,"Strong alignment with AI/search infrastructure role. Relevant skills include {'name': 'Hugging Face Transformers', 'proficiency': 'expert', 'endorsements': 8, 'duration_months': 81}, {'name': 'NLP', 'proficiency': 'expert', 'endorsements': 27, 'duration_months': 54}, {'name': 'Recommendation Systems', 'proficiency': 'advanced', 'endorsements': 45, 'duration_months': 47}, {'name': 'FAISS', 'proficiency': 'expert', 'endorsements': 10, 'duration_months': 36}, {'name': 'Reinforcement Learning', 'proficiency': 'intermediate', 'endorsements': 9, 'duration_months': 20}. Profile shows evidence of production engineering experience and achieved composite score 19.160."
CAND_0035315,99,19.14878,"Strong alignment with AI/search infrastructure role. Relevant skills include {'name': 'Semantic Search', 'proficiency': 'intermediate', 'endorsements': 14, 'duration_months': 25}, {'name': 'TTS', 'proficiency': 'advanced', 'endorsements': 48, 'duration_months': 39}, {'name': 'NLP', 'proficiency': 'advanced', 'endorsements': 41, 'duration_months': 40}, {'name': 'PyTorch', 'proficiency': 'advanced', 'endorsements': 0, 'duration_months': 48}, {'name': 'Weaviate', 'proficiency': 'advanced', 'endorsements': 31, 'duration_months': 23}. Profile shows evidence of production engineering experience and achieved composite score 19.149."
CAND_0000200,100,19.076412,"Strong alignment with AI/search infrastructure role. Relevant skills include {'name': 'BigQuery', 'proficiency': 'intermediate', 'endorsements': 3, 'duration_months': 13}, {'name': 'Vector Search', 'proficiency': 'advanced', 'endorsements': 19, 'duration_months': 57}, {'name': 'Prompt Engineering', 'proficiency': 'advanced', 'endorsements': 25, 'duration_months': 44}, {'name': 'BentoML', 'proficiency': 'intermediate', 'endorsements': 10, 'duration_months': 26}, {'name': 'LlamaIndex', 'proficiency': 'advanced', 'endorsements': 39, 'duration_months': 18}. Profile shows evidence of production engineering experience and achieved composite score 19.076."
